RestaurantName;OpenHours
Kushi Tsuru;11:30-21:00
Osakaya Restaurant;11:30-21:00
The Stinking Rose;9:00-22:00
McCormick & Kuleto's;11:30-23:00
Mifune Restaurant;11:00-22:00
The Cheesecake Factory;11:00-23:00
New Delhi Indian Restaurant;11:00-17:30
Iroha Restaurant;11:00-17:30
Rose Pistola;9:00-22:00
Alioto's Restaurant;11:00-23:00
Canton Seafood & Dim Sum Restaurant;10:30-22:30
All Season Restaurant;10:00-21:30
Bombay Indian Restaurant;11:30-21:00
Sam's Grill & Seafood Restaurant;11:30-21:00
2G Japanese Brasserie;11:30-23:00
Restaurant Lulu;11:30-23:00
Sudachi;9:00-22:00
Hanuri;11:00-23:00
Herbivore;11:00-17:30
Penang Garden;11:00-17:30
John's Grill;9:00-22:00
Quan Bac;11:30-23:00
Bamboo Restaurant;9:00-22:00
Burger Bar;11:00-23:00
Blu Restaurant;11:00-17:30
Naan 'N' Curry;11:00-17:30
Shanghai China Restaurant;9:00-22:00
Tres;11:30-23:00
Isobune Sushi;9:00-22:00
Viva Pizza Restaurant;11:00-23:00
Far East Cafe;11:00-17:30
Parallel 37;11:00-17:30
Bai Thong Thai Cuisine;9:00-22:00
Alhamra;11:30-23:00
A-1 Cafe Restaurant;9:00-22:00
Nick's Lighthouse;11:00-23:00
Paragon Restaurant & Bar;11:00-17:30
Chili Lemon Garlic;11:00-17:30
Bow Hon Restaurant;9:00-22:00
San Dong House;11:30-23:00
Thai Stick Restaurant;9:00-22:00
Cesario's;11:00-23:00
Colombini Italian Cafe Bistro;11:00-17:30
Sabella & La Torre;11:00-17:30
Soluna Cafe and Lounge;9:00-22:00
Tong Palace;11:30-23:00
India Garden Restaurant;9:00-22:00
Sapporo-Ya Japanese Restaurant;11:00-23:00
Santorini's Mediterranean Cuisine;11:00-17:30
Kyoto Sushi;11:00-17:30
Marrakech Moroccan Restaurant;9:00-22:00
Kushi Tsuru1;11:30-21:00
Osakaya Restaurant1;11:30-21:00
The Stinking Rose1;9:00-22:00
McCormick & Kuleto's1;11:30-23:00
Mifune Restaurant1;11:00-22:00
The Cheesecake Factory1;11:00-23:00
New Delhi Indian Restaurant1;11:00-17:30
Iroha Restaurant1;11:00-17:30
Rose Pistola1;9:00-22:00
Alioto's Restaurant1;11:00-23:00
Canton Seafood & Dim Sum Restaurant1;10:30-22:30
All Season Restaurant1;10:00-21:30
Bombay Indian Restaurant1;11:30-21:00
Sam's Grill & Seafood Restaurant1;11:30-21:00
2G Japanese Brasserie1;11:30-23:00
Restaurant Lulu1;11:30-23:00
Sudachi1;9:00-22:00
Hanuri1;11:00-23:00
Herbivore1;11:00-17:30
Penang Garden1;11:00-17:30
John's Grill1;9:00-22:00
Quan Bac1;11:30-23:00
Bamboo Restaurant1;9:00-22:00
Burger Bar1;11:00-23:00
Blu Restaurant1;11:00-17:30
Naan 'N' Curry1;11:00-17:30
Shanghai China Restaurant1;9:00-22:00
Tres1;11:30-23:00
Isobune Sushi1;9:00-22:00
Viva Pizza Restaurant1;11:00-23:00
Far East Cafe1;11:00-17:30
Parallel 371;11:00-17:30
Bai Thong Thai Cuisine1;9:00-22:00
Alhamra1;11:30-23:00
A-1 Cafe Restaurant1;9:00-22:00
Nick's Lighthouse1;11:00-23:00
Paragon Restaurant & Bar1;11:00-17:30
Chili Lemon Garlic1;11:00-17:30
Bow Hon Restaurant1;9:00-22:00
San Dong House1;11:30-23:00
Thai Stick Restaurant1;9:00-22:00
Cesario's1;11:00-23:00
Colombini Italian Cafe Bistro1;11:00-17:30
Sabella & La Torre1;11:00-17:30
Soluna Cafe and Lounge1;9:00-22:00
Tong Palace1;11:30-23:00
India Garden Restaurant1;9:00-22:00
Sapporo-Ya Japanese Restaurant1;11:00-23:00
Santorini's Mediterranean Cuisine1;11:00-17:30
Kyoto Sushi1;11:00-17:30
Marrakech Moroccan Restaurant1;9:00-22:00
Kushi Tsuru12;11:30-21:00
Osakaya Restaurant12;11:30-21:00
The Stinking Rose12;9:00-22:00
McCormick & Kuleto's12;11:30-23:00
Mifune Restaurant12;11:00-22:00
The Cheesecake Factory12;11:00-23:00
New Delhi Indian Restaurant12;11:00-17:30
Iroha Restaurant12;11:00-17:30
Rose Pistola12;9:00-22:00
Alioto's Restaurant12;11:00-23:00
Canton Seafood & Dim Sum Restaurant12;10:30-22:30
All Season Restaurant12;10:00-21:30
Bombay Indian Restaurant12;11:30-21:00
Sam's Grill & Seafood Restaurant12;11:30-21:00
2G Japanese Brasserie12;11:30-23:00
Restaurant Lulu12;11:30-23:00
Sudachi12;9:00-22:00
Hanuri12;11:00-23:00
Herbivore12;11:00-17:30
Penang Garden12;11:00-17:30
John's Grill12;9:00-22:00
Quan Bac12;11:30-23:00
Bamboo Restaurant12;9:00-22:00
Burger Bar12;11:00-23:00
Blu Restaurant12;11:00-17:30
Naan 'N' Curry12;11:00-17:30
Shanghai China Restaurant12;9:00-22:00
Tres12;11:30-23:00
Isobune Sushi12;9:00-22:00
Viva Pizza Restaurant12;11:00-23:00
Far East Cafe12;11:00-17:30
Parallel 3712;11:00-17:30
Bai Thong Thai Cuisine12;9:00-22:00
Alhamra12;11:30-23:00
A-1 Cafe Restaurant12;9:00-22:00
Nick's Lighthouse12;11:00-23:00
Paragon Restaurant & Bar12;11:00-17:30
Chili Lemon Garlic12;11:00-17:30
Bow Hon Restaurant12;9:00-22:00
San Dong House12;11:30-23:00
Thai Stick Restaurant12;9:00-22:00
Cesario's12;11:00-23:00
Colombini Italian Cafe Bistro12;11:00-17:30
Sabella & La Torre12;11:00-17:30
Soluna Cafe and Lounge12;9:00-22:00
Tong Palace12;11:30-23:00
India Garden Restaurant12;9:00-22:00
Sapporo-Ya Japanese Restaurant12;11:00-23:00
Santorini's Mediterranean Cuisine12;11:00-17:30
Kyoto Sushi12;11:00-17:30
Marrakech Moroccan Restaurant12;9:00-22:00
Kushi Tsuru123;11:30-21:00
Osakaya Restaurant123;11:30-21:00
The Stinking Rose123;9:00-22:00
McCormick & Kuleto's123;11:30-23:00
Mifune Restaurant123;11:00-22:00
The Cheesecake Factory123;11:00-23:00
New Delhi Indian Restaurant123;11:00-17:30
Iroha Restaurant123;11:00-17:30
Rose Pistola123;9:00-22:00
Alioto's Restaurant123;11:00-23:00
Canton Seafood & Dim Sum Restaurant123;10:30-22:30
All Season Restaurant123;10:00-21:30
Bombay Indian Restaurant123;11:30-21:00
Sam's Grill & Seafood Restaurant123;11:30-21:00
2G Japanese Brasserie123;11:30-23:00
Restaurant Lulu123;11:30-23:00
Sudachi123;9:00-22:00
Hanuri123;11:00-23:00
Herbivore123;11:00-17:30
Penang Garden123;11:00-17:30
John's Grill123;9:00-22:00
Quan Bac123;11:30-23:00
Bamboo Restaurant123;9:00-22:00
Burger Bar123;11:00-23:00
Blu Restaurant123;11:00-17:30
Naan 'N' Curry123;11:00-17:30
Shanghai China Restaurant123;9:00-22:00
Tres123;11:30-23:00
Isobune Sushi123;9:00-22:00
Viva Pizza Restaurant123;11:00-23:00
Far East Cafe123;11:00-17:30
Parallel 37123;11:00-17:30
Bai Thong Thai Cuisine123;9:00-22:00
Alhamra123;11:30-23:00
A-1 Cafe Restaurant123;9:00-22:00
Nick's Lighthouse123;11:00-23:00
Paragon Restaurant & Bar123;11:00-17:30
Chili Lemon Garlic123;11:00-17:30
Bow Hon Restaurant123;9:00-22:00
San Dong House123;11:30-23:00
Thai Stick Restaurant123;9:00-22:00
Cesario's123;11:00-23:00
Colombini Italian Cafe Bistro123;11:00-17:30
Sabella & La Torre123;11:00-17:30
Soluna Cafe and Lounge123;9:00-22:00
Tong Palace123;11:30-23:00
India Garden Restaurant123;9:00-22:00
Sapporo-Ya Japanese Restaurant123;11:00-23:00
Santorini's Mediterranean Cuisine123;11:00-17:30
Kyoto Sushi123;11:00-17:30
Marrakech Moroccan Restaurant123;9:00-22:00
Kushi Tsuru1234;11:30-21:00
Osakaya Restaurant1234;11:30-21:00
The Stinking Rose1234;9:00-22:00
McCormick & Kuleto's1234;11:30-23:00
Mifune Restaurant1234;11:00-22:00
The Cheesecake Factory1234;11:00-23:00
New Delhi Indian Restaurant1234;11:00-17:30
Iroha Restaurant1234;11:00-17:30
Rose Pistola1234;9:00-22:00
Alioto's Restaurant1234;11:00-23:00
Canton Seafood & Dim Sum Restaurant1234;10:30-22:30
All Season Restaurant1234;10:00-21:30
Bombay Indian Restaurant1234;11:30-21:00
Sam's Grill & Seafood Restaurant1234;11:30-21:00
2G Japanese Brasserie1234;11:30-23:00
Restaurant Lulu1234;11:30-23:00
Sudachi1234;9:00-22:00
Hanuri1234;11:00-23:00
Herbivore1234;11:00-17:30
Penang Garden1234;11:00-17:30
John's Grill1234;9:00-22:00
Quan Bac1234;11:30-23:00
Bamboo Restaurant1234;9:00-22:00
Burger Bar1234;11:00-23:00
Blu Restaurant1234;11:00-17:30
Naan 'N' Curry1234;11:00-17:30
Shanghai China Restaurant1234;9:00-22:00
Tres1234;11:30-23:00
Isobune Sushi1234;9:00-22:00
Viva Pizza Restaurant1234;11:00-23:00
Far East Cafe1234;11:00-17:30
Parallel 371234;11:00-17:30
Bai Thong Thai Cuisine1234;9:00-22:00
Alhamra1234;11:30-23:00
A-1 Cafe Restaurant1234;9:00-22:00
Nick's Lighthouse1234;11:00-23:00
Paragon Restaurant & Bar1234;11:00-17:30
Chili Lemon Garlic1234;11:00-17:30
Bow Hon Restaurant1234;9:00-22:00
San Dong House1234;11:30-23:00
Thai Stick Restaurant1234;9:00-22:00
Cesario's1234;11:00-23:00
Colombini Italian Cafe Bistro1234;11:00-17:30
Sabella & La Torre1234;11:00-17:30
Soluna Cafe and Lounge1234;9:00-22:00
Tong Palace1234;11:30-23:00
India Garden Restaurant1234;9:00-22:00
Sapporo-Ya Japanese Restaurant1234;11:00-23:00
Santorini's Mediterranean Cuisine1234;11:00-17:30
Kyoto Sushi1234;11:00-17:30
Marrakech Moroccan Restaurant1234;9:00-22:00
Kushi Tsuru12345;11:30-21:00
Osakaya Restaurant12345;11:30-21:00
The Stinking Rose12345;9:00-22:00
McCormick & Kuleto's12345;11:30-23:00
Mifune Restaurant12345;11:00-22:00
The Cheesecake Factory12345;11:00-23:00
New Delhi Indian Restaurant12345;11:00-17:30
Iroha Restaurant12345;11:00-17:30
Rose Pistola12345;9:00-22:00
Alioto's Restaurant12345;11:00-23:00
Canton Seafood & Dim Sum Restaurant12345;10:30-22:30
All Season Restaurant12345;10:00-21:30
Bombay Indian Restaurant12345;11:30-21:00
Sam's Grill & Seafood Restaurant12345;11:30-21:00
2G Japanese Brasserie12345;11:30-23:00
Restaurant Lulu12345;11:30-23:00
Sudachi12345;9:00-22:00
Hanuri12345;11:00-23:00
Herbivore12345;11:00-17:30
Penang Garden12345;11:00-17:30
John's Grill12345;9:00-22:00
Quan Bac12345;11:30-23:00
Bamboo Restaurant12345;9:00-22:00
Burger Bar12345;11:00-23:00
Blu Restaurant12345;11:00-17:30
Naan 'N' Curry12345;11:00-17:30
Shanghai China Restaurant12345;9:00-22:00
Tres12345;11:30-23:00
Isobune Sushi12345;9:00-22:00
Viva Pizza Restaurant12345;11:00-23:00
Far East Cafe12345;11:00-17:30
Parallel 3712345;11:00-17:30
Bai Thong Thai Cuisine12345;9:00-22:00
Alhamra12345;11:30-23:00
A-1 Cafe Restaurant12345;9:00-22:00
Nick's Lighthouse12345;11:00-23:00
Paragon Restaurant & Bar12345;11:00-17:30
Chili Lemon Garlic12345;11:00-17:30
Bow Hon Restaurant12345;9:00-22:00
San Dong House12345;11:30-23:00
Thai Stick Restaurant12345;9:00-22:00
Cesario's12345;11:00-23:00
Colombini Italian Cafe Bistro12345;11:00-17:30
Sabella & La Torre12345;11:00-17:30
Soluna Cafe and Lounge12345;9:00-22:00
Tong Palace12345;11:30-23:00
India Garden Restaurant12345;9:00-22:00
Sapporo-Ya Japanese Restaurant12345;11:00-23:00
Santorini's Mediterranean Cuisine12345;11:00-17:30
Kyoto Sushi12345;11:00-17:30
Marrakech Moroccan Restaurant12345;9:00-22:00
Kushi Tsuru123456;11:30-21:00
Osakaya Restaurant123456;11:30-21:00
The Stinking Rose123456;9:00-22:00
McCormick & Kuleto's123456;11:30-23:00
Mifune Restaurant123456;11:00-22:00
The Cheesecake Factory123456;11:00-23:00
New Delhi Indian Restaurant123456;11:00-17:30
Iroha Restaurant123456;11:00-17:30
Rose Pistola123456;9:00-22:00
Alioto's Restaurant123456;11:00-23:00
Canton Seafood & Dim Sum Restaurant123456;10:30-22:30
All Season Restaurant123456;10:00-21:30
Bombay Indian Restaurant123456;11:30-21:00
Sam's Grill & Seafood Restaurant123456;11:30-21:00
2G Japanese Brasserie123456;11:30-23:00
Restaurant Lulu123456;11:30-23:00
Sudachi123456;9:00-22:00
Hanuri123456;11:00-23:00
Herbivore123456;11:00-17:30
Penang Garden123456;11:00-17:30
John's Grill123456;9:00-22:00
Quan Bac123456;11:30-23:00
Bamboo Restaurant123456;9:00-22:00
Burger Bar123456;11:00-23:00
Blu Restaurant123456;11:00-17:30
Naan 'N' Curry123456;11:00-17:30
Shanghai China Restaurant123456;9:00-22:00
Tres123456;11:30-23:00
Isobune Sushi123456;9:00-22:00
Viva Pizza Restaurant123456;11:00-23:00
Far East Cafe123456;11:00-17:30
Parallel 37123456;11:00-17:30
Bai Thong Thai Cuisine123456;9:00-22:00
Alhamra123456;11:30-23:00
A-1 Cafe Restaurant123456;9:00-22:00
Nick's Lighthouse123456;11:00-23:00
Paragon Restaurant & Bar123456;11:00-17:30
Chili Lemon Garlic123456;11:00-17:30
Bow Hon Restaurant123456;9:00-22:00
San Dong House123456;11:30-23:00
Thai Stick Restaurant123456;9:00-22:00
Cesario's123456;11:00-23:00
Colombini Italian Cafe Bistro123456;11:00-17:30
Sabella & La Torre123456;11:00-17:30
Soluna Cafe and Lounge123456;9:00-22:00
Tong Palace123456;11:30-23:00
India Garden Restaurant123456;9:00-22:00
Sapporo-Ya Japanese Restaurant123456;11:00-23:00
Santorini's Mediterranean Cuisine123456;11:00-17:30
Kyoto Sushi123456;11:00-17:30
Marrakech Moroccan Restaurant123456;9:00-22:00
Kushi Tsuru1234567;11:30-21:00
Osakaya Restaurant1234567;11:30-21:00
The Stinking Rose1234567;9:00-22:00
McCormick & Kuleto's1234567;11:30-23:00
Mifune Restaurant1234567;11:00-22:00
The Cheesecake Factory1234567;11:00-23:00
New Delhi Indian Restaurant1234567;11:00-17:30
Iroha Restaurant1234567;11:00-17:30
Rose Pistola1234567;9:00-22:00
Alioto's Restaurant1234567;11:00-23:00
Canton Seafood & Dim Sum Restaurant1234567;10:30-22:30
All Season Restaurant1234567;10:00-21:30
Bombay Indian Restaurant1234567;11:30-21:00
Sam's Grill & Seafood Restaurant1234567;11:30-21:00
2G Japanese Brasserie1234567;11:30-23:00
Restaurant Lulu1234567;11:30-23:00
Sudachi1234567;9:00-22:00
Hanuri1234567;11:00-23:00
Herbivore1234567;11:00-17:30
Penang Garden1234567;11:00-17:30
John's Grill1234567;9:00-22:00
Quan Bac1234567;11:30-23:00
Bamboo Restaurant1234567;9:00-22:00
Burger Bar1234567;11:00-23:00
Blu Restaurant1234567;11:00-17:30
Naan 'N' Curry1234567;11:00-17:30
Shanghai China Restaurant1234567;9:00-22:00
Tres1234567;11:30-23:00
Isobune Sushi1234567;9:00-22:00
Viva Pizza Restaurant1234567;11:00-23:00
Far East Cafe1234567;11:00-17:30
Parallel 371234567;11:00-17:30
Bai Thong Thai Cuisine1234567;9:00-22:00
Alhamra1234567;11:30-23:00
A-1 Cafe Restaurant1234567;9:00-22:00
Nick's Lighthouse1234567;11:00-23:00
Paragon Restaurant & Bar1234567;11:00-17:30
Chili Lemon Garlic1234567;11:00-17:30
Bow Hon Restaurant1234567;9:00-22:00
San Dong House1234567;11:30-23:00
Thai Stick Restaurant1234567;9:00-22:00
Cesario's1234567;11:00-23:00
Colombini Italian Cafe Bistro1234567;11:00-17:30
Sabella & La Torre1234567;11:00-17:30
Soluna Cafe and Lounge1234567;9:00-22:00
Tong Palace1234567;11:30-23:00
India Garden Restaurant1234567;9:00-22:00
Sapporo-Ya Japanese Restaurant1234567;11:00-23:00
Santorini's Mediterranean Cuisine1234567;11:00-17:30
Kyoto Sushi1234567;11:00-17:30
Marrakech Moroccan Restaurant1234567;9:00-22:00
Kushi Tsuru12345678;11:30-21:00
Osakaya Restaurant12345678;11:30-21:00
The Stinking Rose12345678;9:00-22:00
McCormick & Kuleto's12345678;11:30-23:00
Mifune Restaurant12345678;11:00-22:00
The Cheesecake Factory12345678;11:00-23:00
New Delhi Indian Restaurant12345678;11:00-17:30
Iroha Restaurant12345678;11:00-17:30
Rose Pistola12345678;9:00-22:00
Alioto's Restaurant12345678;11:00-23:00
Canton Seafood & Dim Sum Restaurant12345678;10:30-22:30
All Season Restaurant12345678;10:00-21:30
Bombay Indian Restaurant12345678;11:30-21:00
Sam's Grill & Seafood Restaurant12345678;11:30-21:00
2G Japanese Brasserie12345678;11:30-23:00
Restaurant Lulu12345678;11:30-23:00
Sudachi12345678;9:00-22:00
Hanuri12345678;11:00-23:00
Herbivore12345678;11:00-17:30
Penang Garden12345678;11:00-17:30
John's Grill12345678;9:00-22:00
Quan Bac12345678;11:30-23:00
Bamboo Restaurant12345678;9:00-22:00
Burger Bar12345678;11:00-23:00
Blu Restaurant12345678;11:00-17:30
Naan 'N' Curry12345678;11:00-17:30
Shanghai China Restaurant12345678;9:00-22:00
Tres12345678;11:30-23:00
Isobune Sushi12345678;9:00-22:00
Viva Pizza Restaurant12345678;11:00-23:00
Far East Cafe12345678;11:00-17:30
Parallel 3712345678;11:00-17:30
Bai Thong Thai Cuisine12345678;9:00-22:00
Alhamra12345678;11:30-23:00
A-1 Cafe Restaurant12345678;9:00-22:00
Nick's Lighthouse12345678;11:00-23:00
Paragon Restaurant & Bar12345678;11:00-17:30
Chili Lemon Garlic12345678;11:00-17:30
Bow Hon Restaurant12345678;9:00-22:00
San Dong House12345678;11:30-23:00
Thai Stick Restaurant12345678;9:00-22:00
Cesario's12345678;11:00-23:00
Colombini Italian Cafe Bistro12345678;11:00-17:30
Sabella & La Torre12345678;11:00-17:30
Soluna Cafe and Lounge12345678;9:00-22:00
Tong Palace12345678;11:30-23:00
India Garden Restaurant12345678;9:00-22:00
Sapporo-Ya Japanese Restaurant12345678;11:00-23:00
Santorini's Mediterranean Cuisine12345678;11:00-17:30
Kyoto Sushi12345678;11:00-17:30
Marrakech Moroccan Restaurant12345678;9:00-22:00
Kushi Tsuru123456789;11:30-21:00
Osakaya Restaurant123456789;11:30-21:00
The Stinking Rose123456789;9:00-22:00
McCormick & Kuleto's123456789;11:30-23:00
Mifune Restaurant123456789;11:00-22:00
The Cheesecake Factory123456789;11:00-23:00
New Delhi Indian Restaurant123456789;11:00-17:30
Iroha Restaurant123456789;11:00-17:30
Rose Pistola123456789;9:00-22:00
Alioto's Restaurant123456789;11:00-23:00
Canton Seafood & Dim Sum Restaurant123456789;10:30-22:30
All Season Restaurant123456789;10:00-21:30
Bombay Indian Restaurant123456789;11:30-21:00
Sam's Grill & Seafood Restaurant123456789;11:30-21:00
2G Japanese Brasserie123456789;11:30-23:00
Restaurant Lulu123456789;11:30-23:00
Sudachi123456789;9:00-22:00
Hanuri123456789;11:00-23:00
Herbivore123456789;11:00-17:30
Penang Garden123456789;11:00-17:30
John's Grill123456789;9:00-22:00
Quan Bac123456789;11:30-23:00
Bamboo Restaurant123456789;9:00-22:00
Burger Bar123456789;11:00-23:00
Blu Restaurant123456789;11:00-17:30
Naan 'N' Curry123456789;11:00-17:30
Shanghai China Restaurant123456789;9:00-22:00
Tres123456789;11:30-23:00
Isobune Sushi123456789;9:00-22:00
Viva Pizza Restaurant123456789;11:00-23:00
Far East Cafe123456789;11:00-17:30
Parallel 37123456789;11:00-17:30
Bai Thong Thai Cuisine123456789;9:00-22:00
Alhamra123456789;11:30-23:00
A-1 Cafe Restaurant123456789;9:00-22:00
Nick's Lighthouse123456789;11:00-23:00
Paragon Restaurant & Bar123456789;11:00-17:30
Chili Lemon Garlic123456789;11:00-17:30
Bow Hon Restaurant123456789;9:00-22:00
San Dong House123456789;11:30-23:00
Thai Stick Restaurant123456789;9:00-22:00
Cesario's123456789;11:00-23:00
Colombini Italian Cafe Bistro123456789;11:00-17:30
Sabella & La Torre123456789;11:00-17:30
Soluna Cafe and Lounge123456789;9:00-22:00
Tong Palace123456789;11:30-23:00
India Garden Restaurant123456789;9:00-22:00
Sapporo-Ya Japanese Restaurant123456789;11:00-23:00
Santorini's Mediterranean Cuisine123456789;11:00-17:30
Kyoto Sushi123456789;11:00-17:30
Marrakech Moroccan Restaurant123456789;9:00-22:00
Kushi Tsuru12345678910;11:30-21:00
Osakaya Restaurant12345678910;11:30-21:00
The Stinking Rose12345678910;9:00-22:00
McCormick & Kuleto's12345678910;11:30-23:00
Mifune Restaurant12345678910;11:00-22:00
The Cheesecake Factory12345678910;11:00-23:00
New Delhi Indian Restaurant12345678910;11:00-17:30
Iroha Restaurant12345678910;11:00-17:30
Rose Pistola12345678910;9:00-22:00
Alioto's Restaurant12345678910;11:00-23:00
Canton Seafood & Dim Sum Restaurant12345678910;10:30-22:30
All Season Restaurant12345678910;10:00-21:30
Bombay Indian Restaurant12345678910;11:30-21:00
Sam's Grill & Seafood Restaurant12345678910;11:30-21:00
2G Japanese Brasserie12345678910;11:30-23:00
Restaurant Lulu12345678910;11:30-23:00
Sudachi12345678910;9:00-22:00
Hanuri12345678910;11:00-23:00
Herbivore12345678910;11:00-17:30
Penang Garden12345678910;11:00-17:30
John's Grill12345678910;9:00-22:00
Quan Bac12345678910;11:30-23:00
Bamboo Restaurant12345678910;9:00-22:00
Burger Bar12345678910;11:00-23:00
Blu Restaurant12345678910;11:00-17:30
Naan 'N' Curry12345678910;11:00-17:30
Shanghai China Restaurant12345678910;9:00-22:00
Tres12345678910;11:30-23:00
Isobune Sushi12345678910;9:00-22:00
Viva Pizza Restaurant12345678910;11:00-23:00
Far East Cafe12345678910;11:00-17:30
Parallel 3712345678910;11:00-17:30
Bai Thong Thai Cuisine12345678910;9:00-22:00
Alhamra12345678910;11:30-23:00
A-1 Cafe Restaurant12345678910;9:00-22:00
Nick's Lighthouse12345678910;11:00-23:00
Paragon Restaurant & Bar12345678910;11:00-17:30
Chili Lemon Garlic12345678910;11:00-17:30
Bow Hon Restaurant12345678910;9:00-22:00
San Dong House12345678910;11:30-23:00
Thai Stick Restaurant12345678910;9:00-22:00
Cesario's12345678910;11:00-23:00
Colombini Italian Cafe Bistro12345678910;11:00-17:30
Sabella & La Torre12345678910;11:00-17:30
Soluna Cafe and Lounge12345678910;9:00-22:00
Tong Palace12345678910;11:30-23:00
India Garden Restaurant12345678910;9:00-22:00
Sapporo-Ya Japanese Restaurant12345678910;11:00-23:00
Santorini's Mediterranean Cuisine12345678910;11:00-17:30
Kyoto Sushi12345678910;11:00-17:30
Marrakech Moroccan Restaurant12345678910;9:00-22:00
Kushi Tsuru1234567891011;11:30-21:00
Osakaya Restaurant1234567891011;11:30-21:00
The Stinking Rose1234567891011;9:00-22:00
McCormick & Kuleto's1234567891011;11:30-23:00
Mifune Restaurant1234567891011;11:00-22:00
The Cheesecake Factory1234567891011;11:00-23:00
New Delhi Indian Restaurant1234567891011;11:00-17:30
Iroha Restaurant1234567891011;11:00-17:30
Rose Pistola1234567891011;9:00-22:00
Alioto's Restaurant1234567891011;11:00-23:00
Canton Seafood & Dim Sum Restaurant1234567891011;10:30-22:30
All Season Restaurant1234567891011;10:00-21:30
Bombay Indian Restaurant1234567891011;11:30-21:00
Sam's Grill & Seafood Restaurant1234567891011;11:30-21:00
2G Japanese Brasserie1234567891011;11:30-23:00
Restaurant Lulu1234567891011;11:30-23:00
Sudachi1234567891011;9:00-22:00
Hanuri1234567891011;11:00-23:00
Herbivore1234567891011;11:00-17:30
Penang Garden1234567891011;11:00-17:30
John's Grill1234567891011;9:00-22:00
Quan Bac1234567891011;11:30-23:00
Bamboo Restaurant1234567891011;9:00-22:00
Burger Bar1234567891011;11:00-23:00
Blu Restaurant1234567891011;11:00-17:30
Naan 'N' Curry1234567891011;11:00-17:30
Shanghai China Restaurant1234567891011;9:00-22:00
Tres1234567891011;11:30-23:00
Isobune Sushi1234567891011;9:00-22:00
Viva Pizza Restaurant1234567891011;11:00-23:00
Far East Cafe1234567891011;11:00-17:30
Parallel 371234567891011;11:00-17:30
Bai Thong Thai Cuisine1234567891011;9:00-22:00
Alhamra1234567891011;11:30-23:00
A-1 Cafe Restaurant1234567891011;9:00-22:00
Nick's Lighthouse1234567891011;11:00-23:00
Paragon Restaurant & Bar1234567891011;11:00-17:30
Chili Lemon Garlic1234567891011;11:00-17:30
Bow Hon Restaurant1234567891011;9:00-22:00
San Dong House1234567891011;11:30-23:00
Thai Stick Restaurant1234567891011;9:00-22:00
Cesario's1234567891011;11:00-23:00
Colombini Italian Cafe Bistro1234567891011;11:00-17:30
Sabella & La Torre1234567891011;11:00-17:30
Soluna Cafe and Lounge1234567891011;9:00-22:00
Tong Palace1234567891011;11:30-23:00
India Garden Restaurant1234567891011;9:00-22:00
Sapporo-Ya Japanese Restaurant1234567891011;11:00-23:00
Santorini's Mediterranean Cuisine1234567891011;11:00-17:30
Kyoto Sushi1234567891011;11:00-17:30
Marrakech Moroccan Restaurant1234567891011;9:00-22:00
Kushi Tsuru123456789101112;11:30-21:00
Osakaya Restaurant123456789101112;11:30-21:00
The Stinking Rose123456789101112;9:00-22:00
McCormick & Kuleto's123456789101112;11:30-23:00
Mifune Restaurant123456789101112;11:00-22:00
The Cheesecake Factory123456789101112;11:00-23:00
New Delhi Indian Restaurant123456789101112;11:00-17:30
Iroha Restaurant123456789101112;11:00-17:30
Rose Pistola123456789101112;9:00-22:00
Alioto's Restaurant123456789101112;11:00-23:00
Canton Seafood & Dim Sum Restaurant123456789101112;10:30-22:30
All Season Restaurant123456789101112;10:00-21:30
Bombay Indian Restaurant123456789101112;11:30-21:00
Sam's Grill & Seafood Restaurant123456789101112;11:30-21:00
2G Japanese Brasserie123456789101112;11:30-23:00
Restaurant Lulu123456789101112;11:30-23:00
Sudachi123456789101112;9:00-22:00
Hanuri123456789101112;11:00-23:00
Herbivore123456789101112;11:00-17:30
Penang Garden123456789101112;11:00-17:30
John's Grill123456789101112;9:00-22:00
Quan Bac123456789101112;11:30-23:00
Bamboo Restaurant123456789101112;9:00-22:00
Burger Bar123456789101112;11:00-23:00
Blu Restaurant123456789101112;11:00-17:30
Naan 'N' Curry123456789101112;11:00-17:30
Shanghai China Restaurant123456789101112;9:00-22:00
Tres123456789101112;11:30-23:00
Isobune Sushi123456789101112;9:00-22:00
Viva Pizza Restaurant123456789101112;11:00-23:00
Far East Cafe123456789101112;11:00-17:30
Parallel 37123456789101112;11:00-17:30
Bai Thong Thai Cuisine123456789101112;9:00-22:00
Alhamra123456789101112;11:30-23:00
A-1 Cafe Restaurant123456789101112;9:00-22:00
Nick's Lighthouse123456789101112;11:00-23:00
Paragon Restaurant & Bar123456789101112;11:00-17:30
Chili Lemon Garlic123456789101112;11:00-17:30
Bow Hon Restaurant123456789101112;9:00-22:00
San Dong House123456789101112;11:30-23:00
Thai Stick Restaurant123456789101112;9:00-22:00
Cesario's123456789101112;11:00-23:00
Colombini Italian Cafe Bistro123456789101112;11:00-17:30
Sabella & La Torre123456789101112;11:00-17:30
Soluna Cafe and Lounge123456789101112;9:00-22:00
Tong Palace123456789101112;11:30-23:00
India Garden Restaurant123456789101112;9:00-22:00
Sapporo-Ya Japanese Restaurant123456789101112;11:00-23:00
Santorini's Mediterranean Cuisine123456789101112;11:00-17:30
Kyoto Sushi123456789101112;11:00-17:30
Marrakech Moroccan Restaurant123456789101112;9:00-22:00
Kushi Tsuru12345678910111213;11:30-21:00
Osakaya Restaurant12345678910111213;11:30-21:00
The Stinking Rose12345678910111213;9:00-22:00
McCormick & Kuleto's12345678910111213;11:30-23:00
Mifune Restaurant12345678910111213;11:00-22:00
The Cheesecake Factory12345678910111213;11:00-23:00
New Delhi Indian Restaurant12345678910111213;11:00-17:30
Iroha Restaurant12345678910111213;11:00-17:30
Rose Pistola12345678910111213;9:00-22:00
Alioto's Restaurant12345678910111213;11:00-23:00
Canton Seafood & Dim Sum Restaurant12345678910111213;10:30-22:30
All Season Restaurant12345678910111213;10:00-21:30
Bombay Indian Restaurant12345678910111213;11:30-21:00
Sam's Grill & Seafood Restaurant12345678910111213;11:30-21:00
2G Japanese Brasserie12345678910111213;11:30-23:00
Restaurant Lulu12345678910111213;11:30-23:00
Sudachi12345678910111213;9:00-22:00
Hanuri12345678910111213;11:00-23:00
Herbivore12345678910111213;11:00-17:30
Penang Garden12345678910111213;11:00-17:30
John's Grill12345678910111213;9:00-22:00
Quan Bac12345678910111213;11:30-23:00
Bamboo Restaurant12345678910111213;9:00-22:00
Burger Bar12345678910111213;11:00-23:00
Blu Restaurant12345678910111213;11:00-17:30
Naan 'N' Curry12345678910111213;11:00-17:30
Shanghai China Restaurant12345678910111213;9:00-22:00
Tres12345678910111213;11:30-23:00
Isobune Sushi12345678910111213;9:00-22:00
Viva Pizza Restaurant12345678910111213;11:00-23:00
Far East Cafe12345678910111213;11:00-17:30
Parallel 3712345678910111213;11:00-17:30
Bai Thong Thai Cuisine12345678910111213;9:00-22:00
Alhamra12345678910111213;11:30-23:00
A-1 Cafe Restaurant12345678910111213;9:00-22:00
Nick's Lighthouse12345678910111213;11:00-23:00
Paragon Restaurant & Bar12345678910111213;11:00-17:30
Chili Lemon Garlic12345678910111213;11:00-17:30
Bow Hon Restaurant12345678910111213;9:00-22:00
San Dong House12345678910111213;11:30-23:00
Thai Stick Restaurant12345678910111213;9:00-22:00
Cesario's12345678910111213;11:00-23:00
Colombini Italian Cafe Bistro12345678910111213;11:00-17:30
Sabella & La Torre12345678910111213;11:00-17:30
Soluna Cafe and Lounge12345678910111213;9:00-22:00
Tong Palace12345678910111213;11:30-23:00
India Garden Restaurant12345678910111213;9:00-22:00
Sapporo-Ya Japanese Restaurant12345678910111213;11:00-23:00
Santorini's Mediterranean Cuisine12345678910111213;11:00-17:30
Kyoto Sushi12345678910111213;11:00-17:30
Marrakech Moroccan Restaurant12345678910111213;9:00-22:00
Kushi Tsuru1234567891011121314;11:30-21:00
Osakaya Restaurant1234567891011121314;11:30-21:00
The Stinking Rose1234567891011121314;9:00-22:00
McCormick & Kuleto's1234567891011121314;11:30-23:00
Mifune Restaurant1234567891011121314;11:00-22:00
The Cheesecake Factory1234567891011121314;11:00-23:00
New Delhi Indian Restaurant1234567891011121314;11:00-17:30
Iroha Restaurant1234567891011121314;11:00-17:30
Rose Pistola1234567891011121314;9:00-22:00
Alioto's Restaurant1234567891011121314;11:00-23:00
Canton Seafood & Dim Sum Restaurant1234567891011121314;10:30-22:30
All Season Restaurant1234567891011121314;10:00-21:30
Bombay Indian Restaurant1234567891011121314;11:30-21:00
Sam's Grill & Seafood Restaurant1234567891011121314;11:30-21:00
2G Japanese Brasserie1234567891011121314;11:30-23:00
Restaurant Lulu1234567891011121314;11:30-23:00
Sudachi1234567891011121314;9:00-22:00
Hanuri1234567891011121314;11:00-23:00
Herbivore1234567891011121314;11:00-17:30
Penang Garden1234567891011121314;11:00-17:30
John's Grill1234567891011121314;9:00-22:00
Quan Bac1234567891011121314;11:30-23:00
Bamboo Restaurant1234567891011121314;9:00-22:00
Burger Bar1234567891011121314;11:00-23:00
Blu Restaurant1234567891011121314;11:00-17:30
Naan 'N' Curry1234567891011121314;11:00-17:30
Shanghai China Restaurant1234567891011121314;9:00-22:00
Tres1234567891011121314;11:30-23:00
Isobune Sushi1234567891011121314;9:00-22:00
Viva Pizza Restaurant1234567891011121314;11:00-23:00
Far East Cafe1234567891011121314;11:00-17:30
Parallel 371234567891011121314;11:00-17:30
Bai Thong Thai Cuisine1234567891011121314;9:00-22:00
Alhamra1234567891011121314;11:30-23:00
A-1 Cafe Restaurant1234567891011121314;9:00-22:00
Nick's Lighthouse1234567891011121314;11:00-23:00
Paragon Restaurant & Bar1234567891011121314;11:00-17:30
Chili Lemon Garlic1234567891011121314;11:00-17:30
Bow Hon Restaurant1234567891011121314;9:00-22:00
San Dong House1234567891011121314;11:30-23:00
Thai Stick Restaurant1234567891011121314;9:00-22:00
Cesario's1234567891011121314;11:00-23:00
Colombini Italian Cafe Bistro1234567891011121314;11:00-17:30
Sabella & La Torre1234567891011121314;11:00-17:30
Soluna Cafe and Lounge1234567891011121314;9:00-22:00
Tong Palace1234567891011121314;11:30-23:00
India Garden Restaurant1234567891011121314;9:00-22:00
Sapporo-Ya Japanese Restaurant1234567891011121314;11:00-23:00
Santorini's Mediterranean Cuisine1234567891011121314;11:00-17:30
Kyoto Sushi1234567891011121314;11:00-17:30
Marrakech Moroccan Restaurant1234567891011121314;9:00-22:00
Kushi Tsuru123456789101112131415;11:30-21:00
Osakaya Restaurant123456789101112131415;11:30-21:00
The Stinking Rose123456789101112131415;9:00-22:00
McCormick & Kuleto's123456789101112131415;11:30-23:00
Mifune Restaurant123456789101112131415;11:00-22:00
The Cheesecake Factory123456789101112131415;11:00-23:00
New Delhi Indian Restaurant123456789101112131415;11:00-17:30
Iroha Restaurant123456789101112131415;11:00-17:30
Rose Pistola123456789101112131415;9:00-22:00
Alioto's Restaurant123456789101112131415;11:00-23:00
Canton Seafood & Dim Sum Restaurant123456789101112131415;10:30-22:30
All Season Restaurant123456789101112131415;10:00-21:30
Bombay Indian Restaurant123456789101112131415;11:30-21:00
Sam's Grill & Seafood Restaurant123456789101112131415;11:30-21:00
2G Japanese Brasserie123456789101112131415;11:30-23:00
Restaurant Lulu123456789101112131415;11:30-23:00
Sudachi123456789101112131415;9:00-22:00
Hanuri123456789101112131415;11:00-23:00
Herbivore123456789101112131415;11:00-17:30
Penang Garden123456789101112131415;11:00-17:30
John's Grill123456789101112131415;9:00-22:00
Quan Bac123456789101112131415;11:30-23:00
Bamboo Restaurant123456789101112131415;9:00-22:00
Burger Bar123456789101112131415;11:00-23:00
Blu Restaurant123456789101112131415;11:00-17:30
Naan 'N' Curry123456789101112131415;11:00-17:30
Shanghai China Restaurant123456789101112131415;9:00-22:00
Tres123456789101112131415;11:30-23:00
Isobune Sushi123456789101112131415;9:00-22:00
Viva Pizza Restaurant123456789101112131415;11:00-23:00
Far East Cafe123456789101112131415;11:00-17:30
Parallel 37123456789101112131415;11:00-17:30
Bai Thong Thai Cuisine123456789101112131415;9:00-22:00
Alhamra123456789101112131415;11:30-23:00
A-1 Cafe Restaurant123456789101112131415;9:00-22:00
Nick's Lighthouse123456789101112131415;11:00-23:00
Paragon Restaurant & Bar123456789101112131415;11:00-17:30
Chili Lemon Garlic123456789101112131415;11:00-17:30
Bow Hon Restaurant123456789101112131415;9:00-22:00
San Dong House123456789101112131415;11:30-23:00
Thai Stick Restaurant123456789101112131415;9:00-22:00
Cesario's123456789101112131415;11:00-23:00
Colombini Italian Cafe Bistro123456789101112131415;11:00-17:30
Sabella & La Torre123456789101112131415;11:00-17:30
Soluna Cafe and Lounge123456789101112131415;9:00-22:00
Tong Palace123456789101112131415;11:30-23:00
India Garden Restaurant123456789101112131415;9:00-22:00
Sapporo-Ya Japanese Restaurant123456789101112131415;11:00-23:00
Santorini's Mediterranean Cuisine123456789101112131415;11:00-17:30
Kyoto Sushi123456789101112131415;11:00-17:30
Marrakech Moroccan Restaurant123456789101112131415;9:00-22:00
Kushi Tsuru;11:30-21:00
Osakaya Restaurant;11:30-21:00
The Stinking Rose;9:00-22:00
McCormick & Kuleto's;11:30-23:00
Mifune Restaurant;11:00-22:00
The Cheesecake Factory;11:00-23:00
New Delhi Indian Restaurant;11:00-17:30
Iroha Restaurant;11:00-17:30
Rose Pistola;9:00-22:00
Alioto's Restaurant;11:00-23:00
Canton Seafood & Dim Sum Restaurant;10:30-22:30
All Season Restaurant;10:00-21:30
Bombay Indian Restaurant;11:30-21:00
Sam's Grill & Seafood Restaurant;11:30-21:00
2G Japanese Brasserie;11:30-23:00
Restaurant Lulu;11:30-23:00
Sudachi;9:00-22:00
Hanuri;11:00-23:00
Herbivore;11:00-17:30
Penang Garden;11:00-17:30
John's Grill;9:00-22:00
Quan Bac;11:30-23:00
Bamboo Restaurant;9:00-22:00
Burger Bar;11:00-23:00
Blu Restaurant;11:00-17:30
Naan 'N' Curry;11:00-17:30
Shanghai China Restaurant;9:00-22:00
Tres;11:30-23:00
Isobune Sushi;9:00-22:00
Viva Pizza Restaurant;11:00-23:00
Far East Cafe;11:00-17:30
Parallel 37;11:00-17:30
Bai Thong Thai Cuisine;9:00-22:00
Alhamra;11:30-23:00
A-1 Cafe Restaurant;9:00-22:00
Nick's Lighthouse;11:00-23:00
Paragon Restaurant & Bar;11:00-17:30
Chili Lemon Garlic;11:00-17:30
Bow Hon Restaurant;9:00-22:00
San Dong House;11:30-23:00
Thai Stick Restaurant;9:00-22:00
Cesario's;11:00-23:00
Colombini Italian Cafe Bistro;11:00-17:30
Sabella & La Torre;11:00-17:30
Soluna Cafe and Lounge;9:00-22:00
Tong Palace;11:30-23:00
India Garden Restaurant;9:00-22:00
Sapporo-Ya Japanese Restaurant;11:00-23:00
Santorini's Mediterranean Cuisine;11:00-17:30
Kyoto Sushi;11:00-17:30
Marrakech Moroccan Restaurant;9:00-22:00
Kushi Tsuru1;11:30-21:00
Osakaya Restaurant1;11:30-21:00
The Stinking Rose1;9:00-22:00
McCormick & Kuleto's1;11:30-23:00
Mifune Restaurant1;11:00-22:00
The Cheesecake Factory1;11:00-23:00
New Delhi Indian Restaurant1;11:00-17:30
Iroha Restaurant1;11:00-17:30
Rose Pistola1;9:00-22:00
Alioto's Restaurant1;11:00-23:00
Canton Seafood & Dim Sum Restaurant1;10:30-22:30
All Season Restaurant1;10:00-21:30
Bombay Indian Restaurant1;11:30-21:00
Sam's Grill & Seafood Restaurant1;11:30-21:00
2G Japanese Brasserie1;11:30-23:00
Restaurant Lulu1;11:30-23:00
Sudachi1;9:00-22:00
Hanuri1;11:00-23:00
Herbivore1;11:00-17:30
Penang Garden1;11:00-17:30
John's Grill1;9:00-22:00
Quan Bac1;11:30-23:00
Bamboo Restaurant1;9:00-22:00
Burger Bar1;11:00-23:00
Blu Restaurant1;11:00-17:30
Naan 'N' Curry1;11:00-17:30
Shanghai China Restaurant1;9:00-22:00
Tres1;11:30-23:00
Isobune Sushi1;9:00-22:00
Viva Pizza Restaurant1;11:00-23:00
Far East Cafe1;11:00-17:30
Parallel 371;11:00-17:30
Bai Thong Thai Cuisine1;9:00-22:00
Alhamra1;11:30-23:00
A-1 Cafe Restaurant1;9:00-22:00
Nick's Lighthouse1;11:00-23:00
Paragon Restaurant & Bar1;11:00-17:30
Chili Lemon Garlic1;11:00-17:30
Bow Hon Restaurant1;9:00-22:00
San Dong House1;11:30-23:00
Thai Stick Restaurant1;9:00-22:00
Cesario's1;11:00-23:00
Colombini Italian Cafe Bistro1;11:00-17:30
Sabella & La Torre1;11:00-17:30
Soluna Cafe and Lounge1;9:00-22:00
Tong Palace1;11:30-23:00
India Garden Restaurant1;9:00-22:00
Sapporo-Ya Japanese Restaurant1;11:00-23:00
Santorini's Mediterranean Cuisine1;11:00-17:30
Kyoto Sushi1;11:00-17:30
Marrakech Moroccan Restaurant1;9:00-22:00
Kushi Tsuru12;11:30-21:00
Osakaya Restaurant12;11:30-21:00
The Stinking Rose12;9:00-22:00
McCormick & Kuleto's12;11:30-23:00
Mifune Restaurant12;11:00-22:00
The Cheesecake Factory12;11:00-23:00
New Delhi Indian Restaurant12;11:00-17:30
Iroha Restaurant12;11:00-17:30
Rose Pistola12;9:00-22:00
Alioto's Restaurant12;11:00-23:00
Canton Seafood & Dim Sum Restaurant12;10:30-22:30
All Season Restaurant12;10:00-21:30
Bombay Indian Restaurant12;11:30-21:00
Sam's Grill & Seafood Restaurant12;11:30-21:00
2G Japanese Brasserie12;11:30-23:00
Restaurant Lulu12;11:30-23:00
Sudachi12;9:00-22:00
Hanuri12;11:00-23:00
Herbivore12;11:00-17:30
Penang Garden12;11:00-17:30
John's Grill12;9:00-22:00
Quan Bac12;11:30-23:00
Bamboo Restaurant12;9:00-22:00
Burger Bar12;11:00-23:00
Blu Restaurant12;11:00-17:30
Naan 'N' Curry12;11:00-17:30
Shanghai China Restaurant12;9:00-22:00
Tres12;11:30-23:00
Isobune Sushi12;9:00-22:00
Viva Pizza Restaurant12;11:00-23:00
Far East Cafe12;11:00-17:30
Parallel 3712;11:00-17:30
Bai Thong Thai Cuisine12;9:00-22:00
Alhamra12;11:30-23:00
A-1 Cafe Restaurant12;9:00-22:00
Nick's Lighthouse12;11:00-23:00
Paragon Restaurant & Bar12;11:00-17:30
Chili Lemon Garlic12;11:00-17:30
Bow Hon Restaurant12;9:00-22:00
San Dong House12;11:30-23:00
Thai Stick Restaurant12;9:00-22:00
Cesario's12;11:00-23:00
Colombini Italian Cafe Bistro12;11:00-17:30
Sabella & La Torre12;11:00-17:30
Soluna Cafe and Lounge12;9:00-22:00
Tong Palace12;11:30-23:00
India Garden Restaurant12;9:00-22:00
Sapporo-Ya Japanese Restaurant12;11:00-23:00
Santorini's Mediterranean Cuisine12;11:00-17:30
Kyoto Sushi12;11:00-17:30
Marrakech Moroccan Restaurant12;9:00-22:00
Kushi Tsuru123;11:30-21:00
Osakaya Restaurant123;11:30-21:00
The Stinking Rose123;9:00-22:00
McCormick & Kuleto's123;11:30-23:00
Mifune Restaurant123;11:00-22:00
The Cheesecake Factory123;11:00-23:00
New Delhi Indian Restaurant123;11:00-17:30
Iroha Restaurant123;11:00-17:30
Rose Pistola123;9:00-22:00
Alioto's Restaurant123;11:00-23:00
Canton Seafood & Dim Sum Restaurant123;10:30-22:30
All Season Restaurant123;10:00-21:30
Bombay Indian Restaurant123;11:30-21:00
Sam's Grill & Seafood Restaurant123;11:30-21:00
2G Japanese Brasserie123;11:30-23:00
Restaurant Lulu123;11:30-23:00
Sudachi123;9:00-22:00
Hanuri123;11:00-23:00
Herbivore123;11:00-17:30
Penang Garden123;11:00-17:30
John's Grill123;9:00-22:00
Quan Bac123;11:30-23:00
Bamboo Restaurant123;9:00-22:00
Burger Bar123;11:00-23:00
Blu Restaurant123;11:00-17:30
Naan 'N' Curry123;11:00-17:30
Shanghai China Restaurant123;9:00-22:00
Tres123;11:30-23:00
Isobune Sushi123;9:00-22:00
Viva Pizza Restaurant123;11:00-23:00
Far East Cafe123;11:00-17:30
Parallel 37123;11:00-17:30
Bai Thong Thai Cuisine123;9:00-22:00
Alhamra123;11:30-23:00
A-1 Cafe Restaurant123;9:00-22:00
Nick's Lighthouse123;11:00-23:00
Paragon Restaurant & Bar123;11:00-17:30
Chili Lemon Garlic123;11:00-17:30
Bow Hon Restaurant123;9:00-22:00
San Dong House123;11:30-23:00
Thai Stick Restaurant123;9:00-22:00
Cesario's123;11:00-23:00
Colombini Italian Cafe Bistro123;11:00-17:30
Sabella & La Torre123;11:00-17:30
Soluna Cafe and Lounge123;9:00-22:00
Tong Palace123;11:30-23:00
India Garden Restaurant123;9:00-22:00
Sapporo-Ya Japanese Restaurant123;11:00-23:00
Santorini's Mediterranean Cuisine123;11:00-17:30
Kyoto Sushi123;11:00-17:30
Marrakech Moroccan Restaurant123;9:00-22:00
Kushi Tsuru1234;11:30-21:00
Osakaya Restaurant1234;11:30-21:00
The Stinking Rose1234;9:00-22:00
McCormick & Kuleto's1234;11:30-23:00
Mifune Restaurant1234;11:00-22:00
The Cheesecake Factory1234;11:00-23:00
New Delhi Indian Restaurant1234;11:00-17:30
Iroha Restaurant1234;11:00-17:30
Rose Pistola1234;9:00-22:00
Alioto's Restaurant1234;11:00-23:00
Canton Seafood & Dim Sum Restaurant1234;10:30-22:30
All Season Restaurant1234;10:00-21:30
Bombay Indian Restaurant1234;11:30-21:00
Sam's Grill & Seafood Restaurant1234;11:30-21:00
2G Japanese Brasserie1234;11:30-23:00
Restaurant Lulu1234;11:30-23:00
Sudachi1234;9:00-22:00
Hanuri1234;11:00-23:00
Herbivore1234;11:00-17:30
Penang Garden1234;11:00-17:30
John's Grill1234;9:00-22:00
Quan Bac1234;11:30-23:00
Bamboo Restaurant1234;9:00-22:00
Burger Bar1234;11:00-23:00
Blu Restaurant1234;11:00-17:30
Naan 'N' Curry1234;11:00-17:30
Shanghai China Restaurant1234;9:00-22:00
Tres1234;11:30-23:00
Isobune Sushi1234;9:00-22:00
Viva Pizza Restaurant1234;11:00-23:00
Far East Cafe1234;11:00-17:30
Parallel 371234;11:00-17:30
Bai Thong Thai Cuisine1234;9:00-22:00
Alhamra1234;11:30-23:00
A-1 Cafe Restaurant1234;9:00-22:00
Nick's Lighthouse1234;11:00-23:00
Paragon Restaurant & Bar1234;11:00-17:30
Chili Lemon Garlic1234;11:00-17:30
Bow Hon Restaurant1234;9:00-22:00
San Dong House1234;11:30-23:00
Thai Stick Restaurant1234;9:00-22:00
Cesario's1234;11:00-23:00
Colombini Italian Cafe Bistro1234;11:00-17:30
Sabella & La Torre1234;11:00-17:30
Soluna Cafe and Lounge1234;9:00-22:00
Tong Palace1234;11:30-23:00
India Garden Restaurant1234;9:00-22:00
Sapporo-Ya Japanese Restaurant1234;11:00-23:00
Santorini's Mediterranean Cuisine1234;11:00-17:30
Kyoto Sushi1234;11:00-17:30
Marrakech Moroccan Restaurant1234;9:00-22:00
Kushi Tsuru12345;11:30-21:00
Osakaya Restaurant12345;11:30-21:00
The Stinking Rose12345;9:00-22:00
McCormick & Kuleto's12345;11:30-23:00
Mifune Restaurant12345;11:00-22:00
The Cheesecake Factory12345;11:00-23:00
New Delhi Indian Restaurant12345;11:00-17:30
Iroha Restaurant12345;11:00-17:30
Rose Pistola12345;9:00-22:00
Alioto's Restaurant12345;11:00-23:00
Canton Seafood & Dim Sum Restaurant12345;10:30-22:30
All Season Restaurant12345;10:00-21:30
Bombay Indian Restaurant12345;11:30-21:00
Sam's Grill & Seafood Restaurant12345;11:30-21:00
2G Japanese Brasserie12345;11:30-23:00
Restaurant Lulu12345;11:30-23:00
Sudachi12345;9:00-22:00
Hanuri12345;11:00-23:00
Herbivore12345;11:00-17:30
Penang Garden12345;11:00-17:30
John's Grill12345;9:00-22:00
Quan Bac12345;11:30-23:00
Bamboo Restaurant12345;9:00-22:00
Burger Bar12345;11:00-23:00
Blu Restaurant12345;11:00-17:30
Naan 'N' Curry12345;11:00-17:30
Shanghai China Restaurant12345;9:00-22:00
Tres12345;11:30-23:00
Isobune Sushi12345;9:00-22:00
Viva Pizza Restaurant12345;11:00-23:00
Far East Cafe12345;11:00-17:30
Parallel 3712345;11:00-17:30
Bai Thong Thai Cuisine12345;9:00-22:00
Alhamra12345;11:30-23:00
A-1 Cafe Restaurant12345;9:00-22:00
Nick's Lighthouse12345;11:00-23:00
Paragon Restaurant & Bar12345;11:00-17:30
Chili Lemon Garlic12345;11:00-17:30
Bow Hon Restaurant12345;9:00-22:00
San Dong House12345;11:30-23:00
Thai Stick Restaurant12345;9:00-22:00
Cesario's12345;11:00-23:00
Colombini Italian Cafe Bistro12345;11:00-17:30
Sabella & La Torre12345;11:00-17:30
Soluna Cafe and Lounge12345;9:00-22:00
Tong Palace12345;11:30-23:00
India Garden Restaurant12345;9:00-22:00
Sapporo-Ya Japanese Restaurant12345;11:00-23:00
Santorini's Mediterranean Cuisine12345;11:00-17:30
Kyoto Sushi12345;11:00-17:30
Marrakech Moroccan Restaurant12345;9:00-22:00
Kushi Tsuru123456;11:30-21:00
Osakaya Restaurant123456;11:30-21:00
The Stinking Rose123456;9:00-22:00
McCormick & Kuleto's123456;11:30-23:00
Mifune Restaurant123456;11:00-22:00
The Cheesecake Factory123456;11:00-23:00
New Delhi Indian Restaurant123456;11:00-17:30
Iroha Restaurant123456;11:00-17:30
Rose Pistola123456;9:00-22:00
Alioto's Restaurant123456;11:00-23:00
Canton Seafood & Dim Sum Restaurant123456;10:30-22:30
All Season Restaurant123456;10:00-21:30
Bombay Indian Restaurant123456;11:30-21:00
Sam's Grill & Seafood Restaurant123456;11:30-21:00
2G Japanese Brasserie123456;11:30-23:00
Restaurant Lulu123456;11:30-23:00
Sudachi123456;9:00-22:00
Hanuri123456;11:00-23:00
Herbivore123456;11:00-17:30
Penang Garden123456;11:00-17:30
John's Grill123456;9:00-22:00
Quan Bac123456;11:30-23:00
Bamboo Restaurant123456;9:00-22:00
Burger Bar123456;11:00-23:00
Blu Restaurant123456;11:00-17:30
Naan 'N' Curry123456;11:00-17:30
Shanghai China Restaurant123456;9:00-22:00
Tres123456;11:30-23:00
Isobune Sushi123456;9:00-22:00
Viva Pizza Restaurant123456;11:00-23:00
Far East Cafe123456;11:00-17:30
Parallel 37123456;11:00-17:30
Bai Thong Thai Cuisine123456;9:00-22:00
Alhamra123456;11:30-23:00
A-1 Cafe Restaurant123456;9:00-22:00
Nick's Lighthouse123456;11:00-23:00
Paragon Restaurant & Bar123456;11:00-17:30
Chili Lemon Garlic123456;11:00-17:30
Bow Hon Restaurant123456;9:00-22:00
San Dong House123456;11:30-23:00
Thai Stick Restaurant123456;9:00-22:00
Cesario's123456;11:00-23:00
Colombini Italian Cafe Bistro123456;11:00-17:30
Sabella & La Torre123456;11:00-17:30
Soluna Cafe and Lounge123456;9:00-22:00
Tong Palace123456;11:30-23:00
India Garden Restaurant123456;9:00-22:00
Sapporo-Ya Japanese Restaurant123456;11:00-23:00
Santorini's Mediterranean Cuisine123456;11:00-17:30
Kyoto Sushi123456;11:00-17:30
Marrakech Moroccan Restaurant123456;9:00-22:00
Kushi Tsuru1234567;11:30-21:00
Osakaya Restaurant1234567;11:30-21:00
The Stinking Rose1234567;9:00-22:00
McCormick & Kuleto's1234567;11:30-23:00
Mifune Restaurant1234567;11:00-22:00
The Cheesecake Factory1234567;11:00-23:00
New Delhi Indian Restaurant1234567;11:00-17:30
Iroha Restaurant1234567;11:00-17:30
Rose Pistola1234567;9:00-22:00
Alioto's Restaurant1234567;11:00-23:00
Canton Seafood & Dim Sum Restaurant1234567;10:30-22:30
All Season Restaurant1234567;10:00-21:30
Bombay Indian Restaurant1234567;11:30-21:00
Sam's Grill & Seafood Restaurant1234567;11:30-21:00
2G Japanese Brasserie1234567;11:30-23:00
Restaurant Lulu1234567;11:30-23:00
Sudachi1234567;9:00-22:00
Hanuri1234567;11:00-23:00
Herbivore1234567;11:00-17:30
Penang Garden1234567;11:00-17:30
John's Grill1234567;9:00-22:00
Quan Bac1234567;11:30-23:00
Bamboo Restaurant1234567;9:00-22:00
Burger Bar1234567;11:00-23:00
Blu Restaurant1234567;11:00-17:30
Naan 'N' Curry1234567;11:00-17:30
Shanghai China Restaurant1234567;9:00-22:00
Tres1234567;11:30-23:00
Isobune Sushi1234567;9:00-22:00
Viva Pizza Restaurant1234567;11:00-23:00
Far East Cafe1234567;11:00-17:30
Parallel 371234567;11:00-17:30
Bai Thong Thai Cuisine1234567;9:00-22:00
Alhamra1234567;11:30-23:00
A-1 Cafe Restaurant1234567;9:00-22:00
Nick's Lighthouse1234567;11:00-23:00
Paragon Restaurant & Bar1234567;11:00-17:30
Chili Lemon Garlic1234567;11:00-17:30
Bow Hon Restaurant1234567;9:00-22:00
San Dong House1234567;11:30-23:00
Thai Stick Restaurant1234567;9:00-22:00
Cesario's1234567;11:00-23:00
Colombini Italian Cafe Bistro1234567;11:00-17:30
Sabella & La Torre1234567;11:00-17:30
Soluna Cafe and Lounge1234567;9:00-22:00
Tong Palace1234567;11:30-23:00
India Garden Restaurant1234567;9:00-22:00
Sapporo-Ya Japanese Restaurant1234567;11:00-23:00
Santorini's Mediterranean Cuisine1234567;11:00-17:30
Kyoto Sushi1234567;11:00-17:30
Marrakech Moroccan Restaurant1234567;9:00-22:00
Kushi Tsuru12345678;11:30-21:00
Osakaya Restaurant12345678;11:30-21:00
The Stinking Rose12345678;9:00-22:00
McCormick & Kuleto's12345678;11:30-23:00
Mifune Restaurant12345678;11:00-22:00
The Cheesecake Factory12345678;11:00-23:00
New Delhi Indian Restaurant12345678;11:00-17:30
Iroha Restaurant12345678;11:00-17:30
Rose Pistola12345678;9:00-22:00
Alioto's Restaurant12345678;11:00-23:00
Canton Seafood & Dim Sum Restaurant12345678;10:30-22:30
All Season Restaurant12345678;10:00-21:30
Bombay Indian Restaurant12345678;11:30-21:00
Sam's Grill & Seafood Restaurant12345678;11:30-21:00
2G Japanese Brasserie12345678;11:30-23:00
Restaurant Lulu12345678;11:30-23:00
Sudachi12345678;9:00-22:00
Hanuri12345678;11:00-23:00
Herbivore12345678;11:00-17:30
Penang Garden12345678;11:00-17:30
John's Grill12345678;9:00-22:00
Quan Bac12345678;11:30-23:00
Bamboo Restaurant12345678;9:00-22:00
Burger Bar12345678;11:00-23:00
Blu Restaurant12345678;11:00-17:30
Naan 'N' Curry12345678;11:00-17:30
Shanghai China Restaurant12345678;9:00-22:00
Tres12345678;11:30-23:00
Isobune Sushi12345678;9:00-22:00
Viva Pizza Restaurant12345678;11:00-23:00
Far East Cafe12345678;11:00-17:30
Parallel 3712345678;11:00-17:30
Bai Thong Thai Cuisine12345678;9:00-22:00
Alhamra12345678;11:30-23:00
A-1 Cafe Restaurant12345678;9:00-22:00
Nick's Lighthouse12345678;11:00-23:00
Paragon Restaurant & Bar12345678;11:00-17:30
Chili Lemon Garlic12345678;11:00-17:30
Bow Hon Restaurant12345678;9:00-22:00
San Dong House12345678;11:30-23:00
Thai Stick Restaurant12345678;9:00-22:00
Cesario's12345678;11:00-23:00
Colombini Italian Cafe Bistro12345678;11:00-17:30
Sabella & La Torre12345678;11:00-17:30
Soluna Cafe and Lounge12345678;9:00-22:00
Tong Palace12345678;11:30-23:00
India Garden Restaurant12345678;9:00-22:00
Sapporo-Ya Japanese Restaurant12345678;11:00-23:00
Santorini's Mediterranean Cuisine12345678;11:00-17:30
Kyoto Sushi12345678;11:00-17:30
Marrakech Moroccan Restaurant12345678;9:00-22:00
Kushi Tsuru123456789;11:30-21:00
Osakaya Restaurant123456789;11:30-21:00
The Stinking Rose123456789;9:00-22:00
McCormick & Kuleto's123456789;11:30-23:00
Mifune Restaurant123456789;11:00-22:00
The Cheesecake Factory123456789;11:00-23:00
New Delhi Indian Restaurant123456789;11:00-17:30
Iroha Restaurant123456789;11:00-17:30
Rose Pistola123456789;9:00-22:00
Alioto's Restaurant123456789;11:00-23:00
Canton Seafood & Dim Sum Restaurant123456789;10:30-22:30
All Season Restaurant123456789;10:00-21:30
Bombay Indian Restaurant123456789;11:30-21:00
Sam's Grill & Seafood Restaurant123456789;11:30-21:00
2G Japanese Brasserie123456789;11:30-23:00
Restaurant Lulu123456789;11:30-23:00
Sudachi123456789;9:00-22:00
Hanuri123456789;11:00-23:00
Herbivore123456789;11:00-17:30
Penang Garden123456789;11:00-17:30
John's Grill123456789;9:00-22:00
Quan Bac123456789;11:30-23:00
Bamboo Restaurant123456789;9:00-22:00
Burger Bar123456789;11:00-23:00
Blu Restaurant123456789;11:00-17:30
Naan 'N' Curry123456789;11:00-17:30
Shanghai China Restaurant123456789;9:00-22:00
Tres123456789;11:30-23:00
Isobune Sushi123456789;9:00-22:00
Viva Pizza Restaurant123456789;11:00-23:00
Far East Cafe123456789;11:00-17:30
Parallel 37123456789;11:00-17:30
Bai Thong Thai Cuisine123456789;9:00-22:00
Alhamra123456789;11:30-23:00
A-1 Cafe Restaurant123456789;9:00-22:00
Nick's Lighthouse123456789;11:00-23:00
Paragon Restaurant & Bar123456789;11:00-17:30
Chili Lemon Garlic123456789;11:00-17:30
Bow Hon Restaurant123456789;9:00-22:00
San Dong House123456789;11:30-23:00
Thai Stick Restaurant123456789;9:00-22:00
Cesario's123456789;11:00-23:00
Colombini Italian Cafe Bistro123456789;11:00-17:30
Sabella & La Torre123456789;11:00-17:30
Soluna Cafe and Lounge123456789;9:00-22:00
Tong Palace123456789;11:30-23:00
India Garden Restaurant123456789;9:00-22:00
Sapporo-Ya Japanese Restaurant123456789;11:00-23:00
Santorini's Mediterranean Cuisine123456789;11:00-17:30
Kyoto Sushi123456789;11:00-17:30
Marrakech Moroccan Restaurant123456789;9:00-22:00
Kushi Tsuru12345678910;11:30-21:00
Osakaya Restaurant12345678910;11:30-21:00
The Stinking Rose12345678910;9:00-22:00
McCormick & Kuleto's12345678910;11:30-23:00
Mifune Restaurant12345678910;11:00-22:00
The Cheesecake Factory12345678910;11:00-23:00
New Delhi Indian Restaurant12345678910;11:00-17:30
Iroha Restaurant12345678910;11:00-17:30
Rose Pistola12345678910;9:00-22:00
Alioto's Restaurant12345678910;11:00-23:00
Canton Seafood & Dim Sum Restaurant12345678910;10:30-22:30
All Season Restaurant12345678910;10:00-21:30
Bombay Indian Restaurant12345678910;11:30-21:00
Sam's Grill & Seafood Restaurant12345678910;11:30-21:00
2G Japanese Brasserie12345678910;11:30-23:00
Restaurant Lulu12345678910;11:30-23:00
Sudachi12345678910;9:00-22:00
Hanuri12345678910;11:00-23:00
Herbivore12345678910;11:00-17:30
Penang Garden12345678910;11:00-17:30
John's Grill12345678910;9:00-22:00
Quan Bac12345678910;11:30-23:00
Bamboo Restaurant12345678910;9:00-22:00
Burger Bar12345678910;11:00-23:00
Blu Restaurant12345678910;11:00-17:30
Naan 'N' Curry12345678910;11:00-17:30
Shanghai China Restaurant12345678910;9:00-22:00
Tres12345678910;11:30-23:00
Isobune Sushi12345678910;9:00-22:00
Viva Pizza Restaurant12345678910;11:00-23:00
Far East Cafe12345678910;11:00-17:30
Parallel 3712345678910;11:00-17:30
Bai Thong Thai Cuisine12345678910;9:00-22:00
Alhamra12345678910;11:30-23:00
A-1 Cafe Restaurant12345678910;9:00-22:00
Nick's Lighthouse12345678910;11:00-23:00
Paragon Restaurant & Bar12345678910;11:00-17:30
Chili Lemon Garlic12345678910;11:00-17:30
Bow Hon Restaurant12345678910;9:00-22:00
San Dong House12345678910;11:30-23:00
Thai Stick Restaurant12345678910;9:00-22:00
Cesario's12345678910;11:00-23:00
Colombini Italian Cafe Bistro12345678910;11:00-17:30
Sabella & La Torre12345678910;11:00-17:30
Soluna Cafe and Lounge12345678910;9:00-22:00
Tong Palace12345678910;11:30-23:00
India Garden Restaurant12345678910;9:00-22:00
Sapporo-Ya Japanese Restaurant12345678910;11:00-23:00
Santorini's Mediterranean Cuisine12345678910;11:00-17:30
Kyoto Sushi12345678910;11:00-17:30
Marrakech Moroccan Restaurant12345678910;9:00-22:00
Kushi Tsuru1234567891011;11:30-21:00
Osakaya Restaurant1234567891011;11:30-21:00
The Stinking Rose1234567891011;9:00-22:00
McCormick & Kuleto's1234567891011;11:30-23:00
Mifune Restaurant1234567891011;11:00-22:00
The Cheesecake Factory1234567891011;11:00-23:00
New Delhi Indian Restaurant1234567891011;11:00-17:30
Iroha Restaurant1234567891011;11:00-17:30
Rose Pistola1234567891011;9:00-22:00
Alioto's Restaurant1234567891011;11:00-23:00
Canton Seafood & Dim Sum Restaurant1234567891011;10:30-22:30
All Season Restaurant1234567891011;10:00-21:30
Bombay Indian Restaurant1234567891011;11:30-21:00
Sam's Grill & Seafood Restaurant1234567891011;11:30-21:00
2G Japanese Brasserie1234567891011;11:30-23:00
Restaurant Lulu1234567891011;11:30-23:00
Sudachi1234567891011;9:00-22:00
Hanuri1234567891011;11:00-23:00
Herbivore1234567891011;11:00-17:30
Penang Garden1234567891011;11:00-17:30
John's Grill1234567891011;9:00-22:00
Quan Bac1234567891011;11:30-23:00
Bamboo Restaurant1234567891011;9:00-22:00
Burger Bar1234567891011;11:00-23:00
Blu Restaurant1234567891011;11:00-17:30
Naan 'N' Curry1234567891011;11:00-17:30
Shanghai China Restaurant1234567891011;9:00-22:00
Tres1234567891011;11:30-23:00
Isobune Sushi1234567891011;9:00-22:00
Viva Pizza Restaurant1234567891011;11:00-23:00
Far East Cafe1234567891011;11:00-17:30
Parallel 371234567891011;11:00-17:30
Bai Thong Thai Cuisine1234567891011;9:00-22:00
Alhamra1234567891011;11:30-23:00
A-1 Cafe Restaurant1234567891011;9:00-22:00
Nick's Lighthouse1234567891011;11:00-23:00
Paragon Restaurant & Bar1234567891011;11:00-17:30
Chili Lemon Garlic1234567891011;11:00-17:30
Bow Hon Restaurant1234567891011;9:00-22:00
San Dong House1234567891011;11:30-23:00
Thai Stick Restaurant1234567891011;9:00-22:00
Cesario's1234567891011;11:00-23:00
Colombini Italian Cafe Bistro1234567891011;11:00-17:30
Sabella & La Torre1234567891011;11:00-17:30
Soluna Cafe and Lounge1234567891011;9:00-22:00
Tong Palace1234567891011;11:30-23:00
India Garden Restaurant1234567891011;9:00-22:00
Sapporo-Ya Japanese Restaurant1234567891011;11:00-23:00
Santorini's Mediterranean Cuisine1234567891011;11:00-17:30
Kyoto Sushi1234567891011;11:00-17:30
Marrakech Moroccan Restaurant1234567891011;9:00-22:00
Kushi Tsuru123456789101112;11:30-21:00
Osakaya Restaurant123456789101112;11:30-21:00
The Stinking Rose123456789101112;9:00-22:00
McCormick & Kuleto's123456789101112;11:30-23:00
Mifune Restaurant123456789101112;11:00-22:00
The Cheesecake Factory123456789101112;11:00-23:00
New Delhi Indian Restaurant123456789101112;11:00-17:30
Iroha Restaurant123456789101112;11:00-17:30
Rose Pistola123456789101112;9:00-22:00
Alioto's Restaurant123456789101112;11:00-23:00
Canton Seafood & Dim Sum Restaurant123456789101112;10:30-22:30
All Season Restaurant123456789101112;10:00-21:30
Bombay Indian Restaurant123456789101112;11:30-21:00
Sam's Grill & Seafood Restaurant123456789101112;11:30-21:00
2G Japanese Brasserie123456789101112;11:30-23:00
Restaurant Lulu123456789101112;11:30-23:00
Sudachi123456789101112;9:00-22:00
Hanuri123456789101112;11:00-23:00
Herbivore123456789101112;11:00-17:30
Penang Garden123456789101112;11:00-17:30
John's Grill123456789101112;9:00-22:00
Quan Bac123456789101112;11:30-23:00
Bamboo Restaurant123456789101112;9:00-22:00
Burger Bar123456789101112;11:00-23:00
Blu Restaurant123456789101112;11:00-17:30
Naan 'N' Curry123456789101112;11:00-17:30
Shanghai China Restaurant123456789101112;9:00-22:00
Tres123456789101112;11:30-23:00
Isobune Sushi123456789101112;9:00-22:00
Viva Pizza Restaurant123456789101112;11:00-23:00
Far East Cafe123456789101112;11:00-17:30
Parallel 37123456789101112;11:00-17:30
Bai Thong Thai Cuisine123456789101112;9:00-22:00
Alhamra123456789101112;11:30-23:00
A-1 Cafe Restaurant123456789101112;9:00-22:00
Nick's Lighthouse123456789101112;11:00-23:00
Paragon Restaurant & Bar123456789101112;11:00-17:30
Chili Lemon Garlic123456789101112;11:00-17:30
Bow Hon Restaurant123456789101112;9:00-22:00
San Dong House123456789101112;11:30-23:00
Thai Stick Restaurant123456789101112;9:00-22:00
Cesario's123456789101112;11:00-23:00
Colombini Italian Cafe Bistro123456789101112;11:00-17:30
Sabella & La Torre123456789101112;11:00-17:30
Soluna Cafe and Lounge123456789101112;9:00-22:00
Tong Palace123456789101112;11:30-23:00
India Garden Restaurant123456789101112;9:00-22:00
Sapporo-Ya Japanese Restaurant123456789101112;11:00-23:00
Santorini's Mediterranean Cuisine123456789101112;11:00-17:30
Kyoto Sushi123456789101112;11:00-17:30
Marrakech Moroccan Restaurant123456789101112;9:00-22:00
Kushi Tsuru12345678910111213;11:30-21:00
Osakaya Restaurant12345678910111213;11:30-21:00
The Stinking Rose12345678910111213;9:00-22:00
McCormick & Kuleto's12345678910111213;11:30-23:00
Mifune Restaurant12345678910111213;11:00-22:00
The Cheesecake Factory12345678910111213;11:00-23:00
New Delhi Indian Restaurant12345678910111213;11:00-17:30
Iroha Restaurant12345678910111213;11:00-17:30
Rose Pistola12345678910111213;9:00-22:00
Alioto's Restaurant12345678910111213;11:00-23:00
Canton Seafood & Dim Sum Restaurant12345678910111213;10:30-22:30
All Season Restaurant12345678910111213;10:00-21:30
Bombay Indian Restaurant12345678910111213;11:30-21:00
Sam's Grill & Seafood Restaurant12345678910111213;11:30-21:00
2G Japanese Brasserie12345678910111213;11:30-23:00
Restaurant Lulu12345678910111213;11:30-23:00
Sudachi12345678910111213;9:00-22:00
Hanuri12345678910111213;11:00-23:00
Herbivore12345678910111213;11:00-17:30
Penang Garden12345678910111213;11:00-17:30
John's Grill12345678910111213;9:00-22:00
Quan Bac12345678910111213;11:30-23:00
Bamboo Restaurant12345678910111213;9:00-22:00
Burger Bar12345678910111213;11:00-23:00
Blu Restaurant12345678910111213;11:00-17:30
Naan 'N' Curry12345678910111213;11:00-17:30
Shanghai China Restaurant12345678910111213;9:00-22:00
Tres12345678910111213;11:30-23:00
Isobune Sushi12345678910111213;9:00-22:00
Viva Pizza Restaurant12345678910111213;11:00-23:00
Far East Cafe12345678910111213;11:00-17:30
Parallel 3712345678910111213;11:00-17:30
Bai Thong Thai Cuisine12345678910111213;9:00-22:00
Alhamra12345678910111213;11:30-23:00
A-1 Cafe Restaurant12345678910111213;9:00-22:00
Nick's Lighthouse12345678910111213;11:00-23:00
Paragon Restaurant & Bar12345678910111213;11:00-17:30
Chili Lemon Garlic12345678910111213;11:00-17:30
Bow Hon Restaurant12345678910111213;9:00-22:00
San Dong House12345678910111213;11:30-23:00
Thai Stick Restaurant12345678910111213;9:00-22:00
Cesario's12345678910111213;11:00-23:00
Colombini Italian Cafe Bistro12345678910111213;11:00-17:30
Sabella & La Torre12345678910111213;11:00-17:30
Soluna Cafe and Lounge12345678910111213;9:00-22:00
Tong Palace12345678910111213;11:30-23:00
India Garden Restaurant12345678910111213;9:00-22:00
Sapporo-Ya Japanese Restaurant12345678910111213;11:00-23:00
Santorini's Mediterranean Cuisine12345678910111213;11:00-17:30
Kyoto Sushi12345678910111213;11:00-17:30
Marrakech Moroccan Restaurant12345678910111213;9:00-22:00
Kushi Tsuru1234567891011121314;11:30-21:00
Osakaya Restaurant1234567891011121314;11:30-21:00
The Stinking Rose1234567891011121314;9:00-22:00
McCormick & Kuleto's1234567891011121314;11:30-23:00
Mifune Restaurant1234567891011121314;11:00-22:00
The Cheesecake Factory1234567891011121314;11:00-23:00
New Delhi Indian Restaurant1234567891011121314;11:00-17:30
Iroha Restaurant1234567891011121314;11:00-17:30
Rose Pistola1234567891011121314;9:00-22:00
Alioto's Restaurant1234567891011121314;11:00-23:00
Canton Seafood & Dim Sum Restaurant1234567891011121314;10:30-22:30
All Season Restaurant1234567891011121314;10:00-21:30
Bombay Indian Restaurant1234567891011121314;11:30-21:00
Sam's Grill & Seafood Restaurant1234567891011121314;11:30-21:00
2G Japanese Brasserie1234567891011121314;11:30-23:00
Restaurant Lulu1234567891011121314;11:30-23:00
Sudachi1234567891011121314;9:00-22:00
Hanuri1234567891011121314;11:00-23:00
Herbivore1234567891011121314;11:00-17:30
Penang Garden1234567891011121314;11:00-17:30
John's Grill1234567891011121314;9:00-22:00
Quan Bac1234567891011121314;11:30-23:00
Bamboo Restaurant1234567891011121314;9:00-22:00
Burger Bar1234567891011121314;11:00-23:00
Blu Restaurant1234567891011121314;11:00-17:30
Naan 'N' Curry1234567891011121314;11:00-17:30
Shanghai China Restaurant1234567891011121314;9:00-22:00
Tres1234567891011121314;11:30-23:00
Isobune Sushi1234567891011121314;9:00-22:00
Viva Pizza Restaurant1234567891011121314;11:00-23:00
Far East Cafe1234567891011121314;11:00-17:30
Parallel 371234567891011121314;11:00-17:30
Bai Thong Thai Cuisine1234567891011121314;9:00-22:00
Alhamra1234567891011121314;11:30-23:00
A-1 Cafe Restaurant1234567891011121314;9:00-22:00
Nick's Lighthouse1234567891011121314;11:00-23:00
Paragon Restaurant & Bar1234567891011121314;11:00-17:30
Chili Lemon Garlic1234567891011121314;11:00-17:30
Bow Hon Restaurant1234567891011121314;9:00-22:00
San Dong House1234567891011121314;11:30-23:00
Thai Stick Restaurant1234567891011121314;9:00-22:00
Cesario's1234567891011121314;11:00-23:00
Colombini Italian Cafe Bistro1234567891011121314;11:00-17:30
Sabella & La Torre1234567891011121314;11:00-17:30
Soluna Cafe and Lounge1234567891011121314;9:00-22:00
Tong Palace1234567891011121314;11:30-23:00
India Garden Restaurant1234567891011121314;9:00-22:00
Sapporo-Ya Japanese Restaurant1234567891011121314;11:00-23:00
Santorini's Mediterranean Cuisine1234567891011121314;11:00-17:30
Kyoto Sushi1234567891011121314;11:00-17:30
Marrakech Moroccan Restaurant1234567891011121314;9:00-22:00
Kushi Tsuru123456789101112131415;11:30-21:00
Osakaya Restaurant123456789101112131415;11:30-21:00
The Stinking Rose123456789101112131415;9:00-22:00
McCormick & Kuleto's123456789101112131415;11:30-23:00
Mifune Restaurant123456789101112131415;11:00-22:00
The Cheesecake Factory123456789101112131415;11:00-23:00
New Delhi Indian Restaurant123456789101112131415;11:00-17:30
Iroha Restaurant123456789101112131415;11:00-17:30
Rose Pistola123456789101112131415;9:00-22:00
Alioto's Restaurant123456789101112131415;11:00-23:00
Canton Seafood & Dim Sum Restaurant123456789101112131415;10:30-22:30
All Season Restaurant123456789101112131415;10:00-21:30
Bombay Indian Restaurant123456789101112131415;11:30-21:00
Sam's Grill & Seafood Restaurant123456789101112131415;11:30-21:00
2G Japanese Brasserie123456789101112131415;11:30-23:00
Restaurant Lulu123456789101112131415;11:30-23:00
Sudachi123456789101112131415;9:00-22:00
Hanuri123456789101112131415;11:00-23:00
Herbivore123456789101112131415;11:00-17:30
Penang Garden123456789101112131415;11:00-17:30
John's Grill123456789101112131415;9:00-22:00
Quan Bac123456789101112131415;11:30-23:00
Bamboo Restaurant123456789101112131415;9:00-22:00
Burger Bar123456789101112131415;11:00-23:00
Blu Restaurant123456789101112131415;11:00-17:30
Naan 'N' Curry123456789101112131415;11:00-17:30
Shanghai China Restaurant123456789101112131415;9:00-22:00
Tres123456789101112131415;11:30-23:00
Isobune Sushi123456789101112131415;9:00-22:00
Viva Pizza Restaurant123456789101112131415;11:00-23:00
Far East Cafe123456789101112131415;11:00-17:30
Parallel 37123456789101112131415;11:00-17:30
Bai Thong Thai Cuisine123456789101112131415;9:00-22:00
Alhamra123456789101112131415;11:30-23:00
A-1 Cafe Restaurant123456789101112131415;9:00-22:00
Nick's Lighthouse123456789101112131415;11:00-23:00
Paragon Restaurant & Bar123456789101112131415;11:00-17:30
Chili Lemon Garlic123456789101112131415;11:00-17:30
Bow Hon Restaurant123456789101112131415;9:00-22:00
San Dong House123456789101112131415;11:30-23:00
Thai Stick Restaurant123456789101112131415;9:00-22:00
Cesario's123456789101112131415;11:00-23:00
Colombini Italian Cafe Bistro123456789101112131415;11:00-17:30
Sabella & La Torre123456789101112131415;11:00-17:30
Soluna Cafe and Lounge123456789101112131415;9:00-22:00
Tong Palace123456789101112131415;11:30-23:00
India Garden Restaurant123456789101112131415;9:00-22:00
Sapporo-Ya Japanese Restaurant123456789101112131415;11:00-23:00
Santorini's Mediterranean Cuisine123456789101112131415;11:00-17:30
Kyoto Sushi123456789101112131415;11:00-17:30
Marrakech Moroccan Restaurant123456789101112131415;9:00-22:00
